1	Sorg mal, Oli, Erinnerungen.
2	Brauche einen Pulli.
3	Stellen wir alle Erinnerungen für Heid- und Fieren am Mittag ein.
5	Erinnern wir zu tanken.
6	Brauche ich ja Mittwoch ein Ring schieben.
8	Macher Geburtstagserinnerung für Max.
9	Sorg mal alle Erinnerungen.
10	Zwang Oliwecker.
11	Wer zerdringer?
12	Stehren Wicker für 18.04.
13	die Temperaturheit.
14	Sorg mal Erinnerung.
15	Zurück Olle Wicker.
16	Enemy mit Ben über Churchill zu reden.
17	Sternwecker für fünf Hindefrier
18	ist halt bewölkt.
19	wieviel inches Ring kriegen wir heute?
20	Erinnern wir mal Schwester Mon Ozone Riffer.
21	Stoppen, Wecker!
22	Jetzt die Woche.
23	Sternwicker für 3. am Mittag.
24	Wärtszeit schneiden.
25	Das ist alle Weka.
26	Sorge mal meine Erinnerungen.
28	Was hab ich für Erinnerungen?
29	Steh mal einen täglichen Wicker für 18.00 Uhr.
30	kannst du mir die Wecker utzern?
31	Erwartet Disney-Bürltheit-Gwitter?
32	Werzeit schneiden.
33	Zorcolöweka
34	Ist es halt keut?
35	Lösch bitte den Wecker für Dienstag in der Frier.
36	Werzeitringer.
37	Schneid zum Kanada.
38	Was wird heute es hoch sein?
39	Schneidzeit noch Knur im Reisen gefährlich zu machen.
40	Sorg alle Erinnerungen.
42	Brauche ich mal einen Jacken.
45	Zock mal Oliwecker.
46	Wir sind es wieder in Yellowstone.
47	Wir sind's Wiederheit.
49	Erinnere mich morgen zu der Razeidenarzttermine auszumachen.
50	in der Miete abzusetzen.
51	Wann hört der Ring auf?
52	Löschtewicke.
53	Erinnern Sie, Stefan, die am Dienstag Uhr zum Ruf war.
54	Zorc Oli meine Vika.
55	Wir haus wir Zeit.
56	Steh'n Wecker für fünf Uhr heute Nacht.
57	Er erinnert mich am 21. August um 3. Nametag zum Doktor zum G.
59	Wann sorgt ihr wieder vorher, sage als nächstem Moiringo?
60	Um welche Zeit ist mein Wicker morgen der Früh gestellt?
107	Erinnern wir, Blerme für Jen für unseren Jahrestag am 28. zum Heuen.
158	welcher in die Alarmesung steht.
171	Erinner mir die Arbeitse- email Zeit of Nacht zum Beantworten.
336	Edad gerne Brasserie für drei Leit in den niederländischen Antillenburha.
