1	Sogar mal alle Erinnerungen.
2	Brauche ich einen Pulli?
3	Stell mir eine Erinnerung für heute um 4 Uhr in Amidokai.
5	Erinnerung mir zu tanken.
6	Brauche ja mittwoch ein Ringschirm.
8	Machergeburtstagserinnerung für den Max.
9	Zog mal alle Erinnerungen.
10	Zuerst Oliweka.
11	Wer hat seit Ringer?
12	Steh an Bicke für 8 in der Friehe.
13	die Temperaturheit.
14	Sorg meine Erinnerung.
15	Zorgolivika
16	Enemy mit Ben über Georgia zu reden.
17	Sternwecker für 5 in der Friehe.
18	Ist halt bewölkt.
19	Vierfueh Inches Ring, kriegen wir heute.
20	Erinnere mich, meine Schwester hat morgen auch zum Riff.
21	Stoppen weg, Herr!
22	Wird es dir hochhören?
23	Stern Wicker für 3 Namidog.
24	Wer sagt nein?
25	Lösch-Oliveka
26	Zog mal meine Erinnerungen.
28	Was hab ich für Erinnerungen?
29	Steh mal an täglichen Wicker für acht in der Frühe.
30	Kannst du mir die Wicke ausziehen?
31	Erwartet Disney World heute Gewitter?
32	Wer zeigt nein?
33	Zogolewika
34	ist es halt kalt.
35	Lösch bitte den Wicke für Dienstag in der Friehe.
36	Werdszeit Ringer!
37	Schneids in Kanada
38	Was wird Heides Hoch sei?
39	Schneidzeitnacht genug, am Reisen gefährlich zu machen?
40	Zorg-Ole-Erinnerungen
42	Brauche ich mal eine Jacke?
45	Zog mal alle weg.
46	Wir sind's wieder in Yellowstone.
47	Wir sehen uns wieder heute.
49	Erinner mich morgen zu der Ratseidernarzttermine auszumachen.
50	Erinnermiete-Miete abzusetzen.
51	Wann hört der Ring auf?
52	Lösch die Wicke.
53	Erinner mich, Stefanie am Dienstag Uhr zum Ruhepfarr.
54	Zorg alle meine Wicke.
55	Wir hoffen, ihr seid
56	Steiern weg für 5h auf Nacht.
57	Er erinnere mich am 21. August um 3 Uhr Nachmittag zum Doktor zum Geh.
59	Wann sagt die Wiedervorhersage als Nächstem bei Ringo?
60	Um welcher Zeit ist mein Wetter morgen der Früh gesteht?
107	Erinner mich, bläme für Jen für unseren Jahrestag am 28. zum Heuen.
158	welchen die Alarm ist und steht.
171	Erinner mir die Arbeits-E-Mails heil auf Nacht zum Beantworten.
336	Edert gerne Brasserie für 3 Leit in den niederländischen Antillenboerha.
