1	Talk mal alle Erinnerungen.
2	Brauchenpulli.
3	Stämmeralinnerung für Heidung 4. Nammitok Ei.
5	Er ihn damit zu tanken.
6	Brauch hier mit woch ein Ring schiehm.
8	Mach er Gebot-Saxe-Innerung für ein Max.
9	Sollt man Oleh erinnerungen.
10	Zuerg, alle Wicker.
11	Wer hat's da dringend?
12	Steh an Wicker für 8 Dände friehe.
13	die Temperaturheit.
14	Sollt mal ja Erinnerung.
15	Zurück, alle Wicker.
16	Enemy mit Benebotscharchats rein.
17	Stehen wirkern für fünfinde frieher.
18	ist halt bewölkt.
19	Wie für Interessin Gringmahlheit.
20	Erinner mich mal schwester Mungo zum Rufar.
21	Stopp an, Wicker.
22	wird es die Woche was?
23	Steh ein Wicker für drei Nämie Durg.
24	Werzeit schneiden?
25	Lösch alle weg.
26	Zock mal meine Erinnerungen.
28	Was soll ich für ihr Innerungen?
29	Stämer an täglichen Wicker für 8. Frieher.
30	Kannst du mir die Wicker utzahlen?
31	Er war das Disney World Hightquitter.
32	Werzeit schneiden?
33	Zuerkollebika
34	Ist es halt kohol?
35	Lasst bitte den Wetter für Dienstag in der Frie.
36	Bertheidringer.
37	Schneid sind kannner da.
38	Was wird haltes Hoch sei?
39	Schneidzeit noch nur im Reisen querlich zu machen.
40	Zuerg alle Erinnerungen.
42	Ich bin sehr froh, dass ich sie auch mal so gut machen kann.
45	Talk mal alle Wicker.
46	Wir sind es weder in der Laufstown.
47	Wir sind's Wiederheit.
49	Erinner mich morgen zu der Ratsaydin Arzttermine auszumachen.
50	Er in der Mitte mit der Abzusetzen.
51	Wann hat der Ring auf?
52	Lasst dich bekommen.
53	Erinner mit, steff an ihrem Dienstag o zum Ruhrfahr.
54	Zuerg, all um eine Wicker.
55	Wir hauswirt Zeit.
56	Steh ein Wicker für fünf Jahre nach.
57	Er in der Mi am 21. August um drei Narmedrack zum Doktor zum Geh.
59	Wann sorgt die Wiedervoher sage als nächste Moiringo?
60	Um welcher Zeit ist mein Wicker morgen der Friedstadt?
107	Erinner mich, bleibe für Jen für unseren Jahresdark am 28. zum Hohen.
158	Welcher Nierlame sind gesteht?
171	Er in der Mitte arbeitsimmels Heid auf Nacht zum Beantworten.
336	Edat Gernabasserie für drei Leid in den Niederlandischen Antennen Buhar.
