1	Talk mal alle ja in der Wungen.
2	Brauchen Puli.
3	Stämmerer Erinnerung für Heidung 4 Nm.
5	Erinnahmi zu tanken.
6	Brau hier mit Wochen Ring schieben.
8	Macher Geburtstagseinnerung für Max.
9	Zock mal Oliere in der Rung.
10	Zuhack und lege.
11	Wer zerdringer?
12	Steh an Bicca für acht Ende friehe.
13	die Temperaturheit.
14	Zockmeier in Errung.
15	So, auch Kolewika.
16	Einemie mit Benhe bei George Hatsurin.
17	Stern weggerufen für 5. Friehe.
18	ist seit bewirkt.
19	Wie für Interess Ring dringend mal halt.
20	Erinnemi meischwistermong und zum Rufer.
21	Ich toppe ein Wicker.
22	Witzte ich was.
23	Stellen wirkern für drei Namedokken.
24	Wer zerstnein?
25	Löschen alle Wecker.
26	Sock mal meine Erinnerungen.
28	Was ob ich für eine Errungenn
29	Stämme an täglichen Wicker für acht Ende frieh.
30	kannst du mir die Becker outzauen.
31	Er wartet das Newellheit gewitter.
32	Werzeit schneiden?
33	Zockenlebeka
34	Ist es halt cool?
35	Los spätet den Wäcker für Dienstag in der friehe.
36	Bärzeiteringer.
37	Schneidchen kannada.
38	Was wird halt das Hochsaal?
39	Schneizte nach genug im Ressen querlich zu machen.
40	Zock alle Erinnerungen.
42	Bye, Manga Jaken.
45	Sollt man auch die Decke.
46	Wir sind es wieder in ihr Loston.
47	Wir sind speeder Heid.
49	Erinnemi morgen zu der Razzalen Arztermine auszumachen.
50	in der Mitte mit der Abzusetzen.
51	Man hat der Ring auf.
52	Lostewecker.
53	Erinnermit Stefanier im Dienstag O zum Rufa.
54	Sock, alle meine Wicker.
55	Wie Haus wird's heid.
56	Steiern wirkern für 5 Jahre auf Nacht.
57	Er in der Mie am 21. August um drei Namedork zum Doktor zum G.
59	Wann sogt die Widervorher sage als nächste Moirinno.
60	Um welche Zeit ist mein Weg am Morgen der Friedgsteid?
107	Erinnerme blämme für Jen für unseren Jahrestag am 28. zum hohen.
158	welche Nealame sind gestellt.
171	Erinnermiede aber jetzt ihm als Zeit auf Nachzubeantworten.
336	Jedert gerne Basserie für drei Leid in den niederländischen Antelenbohr.
